{"arch_packages":"mipsel_24kc","default_packages":["base-files","busybox","ca-bundle","dnsmasq","dropbear","firewall4","fstools","kmod-crypto-hw-eip93","kmod-gpio-button-hotplug","kmod-leds-gpio","kmod-nft-offload","libc","libgcc","libustream-mbedtls","logd","mtd","netifd","nftables","odhcp6c","odhcpd-ipv6only","opkg","ppp","ppp-mod-pppoe","procd","procd-seccomp","procd-ujail","uboot-envtools","uci","uclient-fetch","urandom-seed","urngd","wpad-basic-mbedtls"],"metadata_version":1,"profiles":{"hilink_hlk-7621a-evb":{"device_packages":["kmod-mt76x2","kmod-usb3","-uboot-envtools"],"image_prefix":"openwrt-ramips-mt7621-hilink_hlk-7621a-evb","images":[{"filesystem":"initramfs","name":"openwrt-ramips-mt7621-hilink_hlk-7621a-evb-initramfs-kernel.bin","sha256":"cca1fce712312d40ab444b35714986ee65fa2bf73ef4ebfcf8fd59c95cb7291d","sha256_unsigned":"cca1fce712312d40ab444b35714986ee65fa2bf73ef4ebfcf8fd59c95cb7291d","type":"kernel"},{"filesystem":"squashfs","name":"openwrt-ramips-mt7621-hilink_hlk-7621a-evb-squashfs-sysupgrade.bin","sha256":"c25e3c254088c480ee9c881041b1e26d4331405b3eb6ca8418a5936de78b27f4","sha256_unsigned":"1547746e8afe10cf190253bd01637562d68a57a67c210a43412cc3d61a689418","type":"sysupgrade"}],"supported_devices":["hilink,hlk-7621a-evb"],"titles":[{"model":"HLK-7621A evaluation board","vendor":"HiLink"}]}},"source_date_epoch":1700306634,"target":"ramips/mt7621","version_code":"r24415-9062e5faae","version_number":"SNAPSHOT"}